Time,Soil(%),Temp(C),Humidity(%),Motor,Rain,PIR
0:08:27,41,30.6,87.3,Off,No,Found
0:08:28,41,30.6,87.1,Off,No,Found
0:08:29,41,30.6,87.1,Off,No,Found
0:08:30,41,30.6,87,Off,No,Found
0:08:31,41,30.6,86.8,Off,No,Found
0:08:32,41,30.6,86.9,Off,No,Found
0:08:33,41,30.6,86.8,Off,No,Found
0:08:34,41,30.6,86.7,Off,No,Found
0:08:35,41,30.6,86.6,Off,No,Found
0:08:36,41,30.6,86.4,Off,No,Found
0:08:37,41,30.6,86.2,Off,No,Found
0:08:38,41,30.6,86.5,Off,No,Found
0:08:39,41,30.6,86.6,Off,No,Found
0:08:40,41,30.6,86.9,Off,No,Found
0:08:41,41,30.6,86.8,Off,No,Found
0:08:42,41,30.6,86.9,Off,No,Found
0:08:43,41,30.6,87.1,Off,No,Found
0:08:44,41,30.6,87.4,Off,No,Found
0:08:45,41,30.6,87.4,Off,No,Found
0:08:46,41,30.6,87.4,Off,No,Found
0:08:47,41,30.5,87.5,Off,No,Found
0:08:48,41,30.5,87.4,Off,No,Found
0:08:49,41,30.5,87.5,Off,No,Found
0:08:50,41,30.5,87.5,Off,No,Found
0:08:51,41,30.5,87.5,Off,No,Found
0:08:52,41,30.5,87.3,Off,No,Found
0:08:53,41,30.5,87.3,Off,No,Found
0:08:54,41,30.5,87.2,Off,No,Found
0:08:55,41,30.5,87.1,Off,No,Found
0:08:56,41,30.5,87.1,Off,No,Found
0:08:57,41,30.5,87,Off,No,Found
0:08:58,41,30.5,87.5,Off,No,Found
0:08:59,41,30.5,87.5,Off,No,Found
0:09:00,41,30.5,87.5,Off,No,Found
0:09:01,41,30.5,87.4,Off,No,Found
0:09:02,41,30.5,87.4,Off,No,Found
0:09:03,41,30.5,87.5,Off,No,Found
0:09:04,41,30.6,87.6,Off,No,Found
0:09:05,41,30.5,87.3,Off,No,Found
0:09:06,41,30.5,87.5,Off,No,Found
0:09:07,41,30.6,87.4,Off,No,Found
0:09:08,41,30.5,87.4,Off,No,Found
0:09:09,41,30.5,87.5,Off,No,Found
0:09:10,41,30.6,87.5,Off,No,Found
0:09:11,41,30.6,87.3,Off,No,Found
0:09:12,41,30.6,87.2,Off,No,Found
0:09:13,41,30.6,87.3,Off,No,Found
0:09:14,41,30.6,87.2,Off,No,Found
0:09:15,41,30.6,87.1,Off,No,Found
0:09:16,41,30.6,87,Off,No,Found
0:09:17,41,30.6,86.7,Off,No,Found
0:09:18,41,30.6,86.8,Off,No,Found
0:09:19,41,30.6,86.8,Off,No,Found
0:09:20,41,30.6,86.8,Off,No,Found
0:09:21,41,30.6,86.8,Off,No,Found
0:09:22,41,30.6,87,Off,No,Found
0:09:23,41,30.6,86.8,Off,No,Found
0:09:24,41,30.6,86.9,Off,No,Found
0:09:25,41,30.6,86.8,Off,No,Found
0:09:26,41,30.6,86.7,Off,No,Found
0:09:27,41,30.6,87,Off,No,Found
0:09:28,41,30.6,86.9,Off,No,Found
0:09:29,41,30.6,86.8,Off,No,Found
0:09:30,41,30.6,86.8,Off,No,Found
0:09:31,41,30.6,86.8,Off,No,Found
0:09:32,41,30.6,86.8,Off,No,Found
0:09:33,41,30.6,86.7,Off,No,Found
0:09:34,41,30.6,86.9,Off,No,Found
0:09:35,41,30.6,86.9,Off,No,Found
0:09:36,41,30.6,86.7,Off,No,Found
0:09:37,41,30.6,86.7,Off,No,Found
0:09:38,41,30.6,86.6,Off,No,Found
0:09:39,41,30.6,86.5,Off,No,Found
0:09:40,41,30.6,86.4,Off,No,Found
0:09:41,41,30.6,86.8,Off,No,Found
0:09:42,41,30.6,86.9,Off,No,Found
0:09:43,41,30.6,87,Off,No,Found
0:09:44,41,30.6,87.2,Off,No,Found
0:09:45,41,30.6,87.1,Off,No,Found
0:09:46,41,30.6,87.2,Off,No,Found
0:09:47,41,30.6,87.1,Off,No,Found
0:09:48,41,30.6,87.1,Off,No,Found
0:09:49,41,30.5,87.1,Off,No,Found
0:09:50,41,30.5,87.2,Off,No,Found
0:09:51,41,30.5,87.2,Off,No,Found
0:09:52,41,30.5,87.2,Off,No,Found
0:09:53,41,30.5,87.1,Off,No,Found
0:09:54,41,30.5,87.3,Off,No,Found
0:09:55,41,30.5,87.5,Off,No,Found
0:09:56,41,30.5,87.6,Off,No,Found
0:09:57,41,30.5,87.4,Off,No,Found
0:09:58,41,30.5,87.8,Off,No,Found
0:09:59,41,30.5,87.6,Off,No,Found
0:10:00,41,30.5,87.3,Off,No,Found
0:10:01,41,30.5,87.4,Off,No,Found
0:10:02,41,30.5,87.4,Off,No,Found
0:10:03,41,30.5,87.3,Off,No,Found
0:10:04,41,30.5,87,Off,No,Found
0:10:05,41,30.5,87,Off,No,Found
0:10:06,41,30.5,87.1,Off,No,Found
0:10:07,41,30.5,87,Off,No,Found
0:10:08,41,30.5,87.2,Off,No,Found
0:10:09,40,30.5,87.2,Off,No,Found
0:10:10,40,30.5,87.1,Off,No,Found
0:10:11,40,30.5,87.2,Off,No,Found
0:10:12,40,30.5,87.2,Off,No,Found
0:10:13,40,30.5,87.2,Off,No,Found
0:10:14,40,30.5,87.3,Off,No,Found
0:10:15,40,30.5,87.2,Off,No,Found
0:10:16,40,30.5,87.2,Off,No,Found
0:10:17,40,30.5,87.1,Off,No,Found
0:10:18,41,30.5,87.4,Off,No,Found
0:10:19,41,30.5,87.5,Off,No,Found
0:10:20,40,30.5,87.3,Off,No,Found
0:10:21,40,30.5,87.3,Off,No,Found
0:10:22,40,30.5,87.4,Off,No,Found
0:10:23,40,30.5,87.4,Off,No,Found
0:10:24,40,30.5,87.4,Off,No,Found
0:10:25,40,30.5,87.3,Off,No,Found
0:10:26,40,30.5,87.4,Off,No,Found
0:10:27,40,30.5,87.5,Off,No,Found
0:10:28,40,30.5,87.5,Off,No,Found
0:10:29,40,30.5,87.4,Off,No,Found
0:10:30,40,30.5,87.3,Off,No,Found
0:10:31,40,30.5,87.5,Off,No,Found
0:10:32,40,30.5,87.5,Off,No,Found
0:10:33,40,30.5,87.3,Off,No,Found
0:10:34,40,30.5,87.6,Off,No,Found
0:10:35,40,30.5,87.3,Off,No,Found
0:10:36,40,30.5,87.7,Off,No,Found
0:10:37,40,30.5,87.4,Off,No,Found
0:10:38,40,30.5,87.3,Off,No,Found
0:10:39,40,30.5,87.4,Off,No,Found
0:10:40,40,30.5,87.3,Off,No,Found
0:10:41,40,30.5,87.5,Off,No,Found
0:10:42,40,30.5,87.4,Off,No,Found
0:10:43,40,30.5,87.1,Off,No,Found
0:10:44,40,30.5,87.1,Off,No,Found
0:10:45,40,30.5,87.2,Off,No,Found
0:10:46,40,30.5,87.5,Off,No,Found
0:10:47,40,30.5,87.4,Off,No,Found
0:10:48,40,30.5,87.3,Off,No,Found
0:10:49,40,30.5,87.2,Off,No,Found
0:10:50,40,30.5,87,Off,No,Found
0:10:51,40,30.5,87,Off,No,Found
0:10:52,40,30.5,87.2,Off,No,Found
0:10:53,40,30.5,86.9,Off,No,Found
0:10:54,40,30.5,87,Off,No,Found
0:10:55,40,30.5,86.8,Off,No,Found
0:10:56,40,30.5,86.9,Off,No,Found
0:10:57,40,30.6,87.1,Off,No,Found
0:10:58,40,30.6,87.2,Off,No,Found
0:10:59,40,30.6,87.3,Off,No,Found
0:11:00,40,30.6,87.4,Off,No,Found
0:11:01,40,30.6,87.2,Off,No,Found
0:11:02,40,30.6,87.2,Off,No,Found
0:11:03,40,30.6,87.1,Off,No,Found
0:11:04,40,30.6,87.4,Off,No,Found
0:11:05,40,30.6,87.3,Off,No,Found
0:11:06,40,30.6,87,Off,No,Found
0:11:07,40,30.6,87,Off,No,Found
0:11:08,40,30.6,86.9,Off,No,Found
0:11:09,40,30.6,86.9,Off,No,Found
0:11:10,40,30.6,86.9,Off,No,Found
0:11:11,40,30.6,86.9,Off,No,Found
0:11:12,40,30.6,86.8,Off,No,Found
0:11:13,40,30.6,86.8,Off,No,Found
0:11:14,40,30.6,86.7,Off,No,Found
0:11:15,40,30.6,86.7,Off,No,Found
0:11:16,40,30.6,86.7,Off,No,Found
0:11:17,40,30.6,86.9,Off,No,Found
0:11:18,40,30.6,86.8,Off,No,Found
0:11:19,40,30.6,86.9,Off,No,Found
0:11:20,40,30.6,86.8,Off,No,Found
0:11:21,40,30.6,86.9,Off,No,Found
0:11:22,40,30.6,86.8,Off,No,Found
0:11:23,40,30.6,86.9,Off,No,Found
0:11:24,40,30.6,86.7,Off,No,Found
0:11:25,40,30.6,86.8,Off,No,Found
0:11:26,40,30.6,86.7,Off,No,Found
0:11:27,40,30.6,86.6,Off,No,Found
0:11:28,40,30.6,86.7,Off,No,Found
0:11:29,40,30.6,86.2,Off,No,Found
0:11:30,40,30.6,86.2,Off,No,Found
0:11:31,40,30.6,86.6,Off,No,Found
0:11:32,40,30.6,86.4,Off,No,Found
0:11:33,40,30.6,86.6,Off,No,Found
0:11:34,40,30.6,86.6,Off,No,Found
0:11:35,40,30.6,86.6,Off,No,Found
0:11:36,40,30.6,86.7,Off,No,Found
0:11:37,40,30.6,86.8,Off,No,Found
0:11:38,40,30.6,87,Off,No,Found
0:11:39,40,30.6,86.9,Off,No,Found
0:11:40,40,30.6,86.9,Off,No,Found
0:11:41,40,30.6,87.1,Off,No,Found
0:11:42,40,30.5,86.9,Off,No,Found
0:11:43,40,30.5,86.8,Off,No,Found
0:11:44,40,30.5,86.8,Off,No,Found
0:11:45,40,30.5,86.9,Off,No,Found
0:11:46,40,30.5,87,Off,No,Found
0:11:47,40,30.5,87.1,Off,No,Found
0:11:48,40,30.5,87.4,Off,No,Found
0:11:49,40,30.5,87.4,Off,No,Found
0:11:50,40,30.5,87.3,Off,No,Found
0:11:51,40,30.5,87,Off,No,Found
0:11:52,40,30.5,87.1,Off,No,Found
0:11:53,40,30.5,87.1,Off,No,Found
0:11:54,40,30.5,87.2,Off,No,Found
0:11:55,40,30.5,87.3,Off,No,Found
0:11:56,40,30.5,87.4,Off,No,Found
0:11:57,40,30.5,87.4,Off,No,Found
0:11:58,40,30.6,87.2,Off,No,Found
0:11:59,40,30.6,87.1,Off,No,Found
0:12:00,40,30.6,86.9,Off,No,Found
0:12:01,40,30.6,86.9,Off,No,Found
0:12:02,40,30.5,86.7,Off,No,Found
0:12:03,40,30.6,86.9,Off,No,Found
0:12:04,40,30.6,86.9,Off,No,Found
0:12:05,40,30.6,86.9,Off,No,Found
0:12:06,40,30.6,86.8,Off,No,Found
0:12:07,40,30.6,86.7,Off,No,Found
0:12:08,40,30.6,86.7,Off,No,Found
0:12:09,40,30.6,86.8,Off,No,Found
0:12:10,40,30.6,86.8,Off,No,Found
0:12:11,40,30.6,86.8,Off,No,Found
0:12:12,40,30.6,86.8,Off,No,Found
0:12:13,40,30.6,86.9,Off,No,Found
0:12:14,40,30.6,86.9,Off,No,Found
0:12:15,39,30.6,87.1,Off,No,Found
0:12:16,39,30.6,86.9,Off,No,Found
0:12:17,40,30.6,87.3,Off,No,Found
0:12:18,40,30.6,87.4,Off,No,Found
0:12:19,39,30.6,87.4,Off,No,Found
0:12:20,39,30.6,87.3,Off,No,Found
0:12:21,40,30.6,87.3,Off,No,Found
0:12:22,39,30.6,87.2,Off,No,Found
0:12:23,39,30.6,87.1,Off,No,Found
0:12:24,39,30.6,87.1,Off,No,Found
0:12:25,39,30.6,87,Off,No,Found
0:12:26,40,30.6,86.9,Off,No,Found
0:12:27,39,30.6,86.8,Off,No,Found
0:12:28,39,30.6,86.7,Off,No,Found
0:12:29,40,30.6,86.7,Off,No,Found
0:12:30,39,30.6,86.8,Off,No,Found
0:12:31,39,30.6,86.9,Off,No,Found
0:12:32,40,30.7,86.9,Off,No,Found
0:12:33,40,30.6,86.9,Off,No,Found
0:12:34,39,30.6,86.9,Off,No,Found
0:12:35,39,30.7,86.6,Off,No,Found
0:12:36,39,30.7,86.6,Off,No,Found
0:12:37,39,30.7,86.7,Off,No,Found
0:12:38,39,30.6,86.8,Off,No,Found
0:12:39,39,30.7,87,Off,No,Found
0:12:40,39,30.7,87,Off,No,Found
0:12:41,39,30.7,87,Off,No,Found
0:12:42,40,30.7,86.8,Off,No,Found
0:12:43,39,30.7,87,Off,No,Found
0:12:44,39,30.7,86.9,Off,No,Found
0:12:45,39,30.7,86.6,Off,No,Found
0:12:46,39,30.7,86.7,Off,No,Found
0:12:47,39,30.7,86.7,Off,No,Found
0:12:48,39,30.7,86.6,Off,No,Found
0:12:49,39,30.7,86.6,Off,No,Found
0:12:50,39,30.7,86.4,Off,No,Found
0:12:51,39,30.7,86.4,Off,No,Found
0:12:52,39,30.7,86.4,Off,No,Found
0:12:53,39,30.7,86.3,Off,No,Found
0:12:54,39,30.7,86.4,Off,No,Found
0:12:55,39,30.7,86.4,Off,No,Found
0:12:56,39,30.7,86.5,Off,No,Found
0:12:57,39,30.7,86.5,Off,No,Found
0:12:58,39,30.7,86.3,Off,No,Found
0:12:59,39,30.7,86.3,Off,No,Found
0:13:00,39,30.7,86,Off,No,Found
0:13:01,39,30.7,86.1,Off,No,Found
0:13:02,39,30.7,86.1,Off,No,Found
0:13:03,39,30.7,86.2,Off,No,Found
0:13:04,39,30.7,86,Off,No,Found
0:13:05,39,30.7,85.9,Off,No,Found
0:13:06,39,30.7,86,Off,No,Found
0:13:07,39,30.7,85.8,Off,No,Found
0:13:08,39,30.7,85.9,Off,No,Found
0:13:09,39,30.7,85.9,Off,No,Found
0:13:10,39,30.7,85.9,Off,No,Found
0:13:11,39,30.7,85.9,Off,No,Found
0:13:12,39,30.7,86.1,Off,No,Found
0:13:13,39,30.7,86,Off,No,Found
0:13:14,39,30.7,86.1,Off,No,Found
0:13:15,39,30.8,86,Off,No,Found
0:13:16,39,30.7,86.1,Off,No,Found
0:13:17,39,30.7,86.2,Off,No,Found
0:13:18,39,30.7,86.2,Off,No,Found
0:13:19,39,30.7,86.4,Off,No,Found
0:13:20,39,30.7,86.7,Off,No,Found
0:13:21,39,30.7,86.7,Off,No,Found
0:13:22,39,30.7,86.5,Off,No,Found
0:13:23,39,30.7,86.4,Off,No,Found
0:13:24,39,30.6,86.3,Off,No,Found
0:13:25,39,30.6,86.4,Off,No,Found
0:13:26,39,30.7,86.2,Off,No,Found
0:13:27,39,30.7,86.4,Off,No,Found
0:13:28,39,30.6,86.3,Off,No,Found
0:13:29,39,30.6,86.3,Off,No,Found
0:13:30,39,30.6,86.5,Off,No,Found
0:13:31,39,30.6,86.6,Off,No,Found
0:13:32,39,30.6,86.4,Off,No,Found
0:13:33,39,30.6,86.8,Off,No,Found
0:13:34,39,30.6,86.9,Off,No,Found
0:13:35,39,30.6,86.8,Off,No,Found
0:13:36,39,30.6,86.7,Off,No,Found
0:13:37,39,30.6,86.5,Off,No,Found
0:13:38,39,30.6,86.5,Off,No,Found
0:13:39,39,30.6,86.4,Off,No,Found
0:13:40,39,30.6,86.5,Off,No,Found
0:13:41,39,30.6,86.4,Off,No,Found
0:13:42,39,30.6,86.3,Off,No,Found
0:13:43,39,30.6,85.9,Off,No,Found
0:13:44,39,30.6,86,Off,No,Found
0:13:45,39,30.6,86,Off,No,Found
0:13:46,39,30.6,86.2,Off,No,Found
0:13:47,39,30.6,86.3,Off,No,Found
0:13:48,39,30.6,86,Off,No,Found
0:13:49,39,30.6,85.7,Off,No,Found
0:13:50,39,30.6,85.5,Off,No,Found
0:13:51,39,30.6,85.3,Off,No,Found
0:13:52,39,30.6,85.4,Off,No,Found
0:13:53,39,30.6,85.4,Off,No,Found
0:13:54,39,30.6,85.7,Off,No,Found
0:13:55,39,30.6,85.4,Off,No,Found
0:13:56,39,30.6,85.5,Off,No,Found
0:13:57,39,30.6,85.6,Off,No,Found
0:13:58,39,30.6,85.6,Off,No,Found
0:13:59,39,30.7,85.7,Off,No,Found
0:14:00,39,30.7,85.5,Off,No,Found
0:14:01,39,30.7,85.8,Off,No,Found
0:14:02,39,30.7,86,Off,No,Found
0:14:03,39,30.7,86,Off,No,Found
0:14:04,39,30.7,86,Off,No,Found
0:14:05,39,30.6,86.1,Off,No,Found
0:14:06,39,30.6,86.2,Off,No,Found
0:14:07,39,30.6,86.2,Off,No,Found
0:14:08,39,30.6,86.2,Off,No,Found
0:14:09,39,30.6,86,Off,No,Found
0:14:10,39,30.6,86.4,Off,No,Found
0:14:11,39,30.6,86.3,Off,No,Found
0:14:12,39,30.6,86.3,Off,No,Found
0:14:13,39,30.6,86.2,Off,No,Found
0:14:14,39,30.6,86,Off,No,Found
0:14:15,39,30.6,86.1,Off,No,Found
0:14:16,39,30.6,86,Off,No,Found
0:14:17,39,30.6,86.3,Off,No,Found
0:14:18,39,30.6,86.2,Off,No,Found
0:14:19,39,30.6,86.1,Off,No,Found
0:14:20,39,30.6,86.2,Off,No,Found
0:14:21,39,30.6,86.1,Off,No,Found
0:14:22,39,30.6,86,Off,No,Found
0:14:23,39,30.6,86.1,Off,No,Found
0:14:24,39,30.6,86.1,Off,No,Found
0:14:25,39,30.6,86.1,Off,No,Found
0:14:26,39,30.6,86.2,Off,No,Found
0:14:27,39,30.6,86,Off,No,Found
0:14:28,39,30.6,86,Off,No,Found
0:14:29,39,30.6,86.1,Off,No,Found
0:14:30,39,30.6,86.5,Off,No,Found
0:14:31,39,30.6,86.3,Off,No,Found
0:14:32,39,30.6,86.5,Off,No,Found
0:14:33,39,30.6,86.4,Off,No,Found
0:14:34,39,30.5,86.6,Off,No,Found
0:14:35,38,30.6,86.8,Off,No,Found
0:14:36,39,30.5,86.5,Off,No,Found
0:14:37,39,30.5,86.8,Off,No,Found
0:14:38,39,30.5,86.8,Off,No,Found
0:14:39,39,30.5,86.8,Off,No,Found
0:14:40,39,30.5,86.8,Off,No,Found
0:14:41,39,30.5,87,Off,No,Found
0:14:42,38,30.6,87,Off,No,Found
0:14:43,39,30.5,86.7,Off,No,Found
0:14:44,39,30.5,86.8,Off,No,Found
0:14:45,39,30.5,86.5,Off,No,Found
0:14:46,39,30.5,86.7,Off,No,Found
0:14:47,39,30.5,86.6,Off,No,Found
0:14:48,39,30.5,86.9,Off,No,Found
0:14:49,39,30.5,87.1,Off,No,Found
0:14:50,39,30.5,87.1,Off,No,Found
0:14:51,39,30.5,87.2,Off,No,Found
0:14:52,39,30.5,87.4,Off,No,Found
0:14:53,39,30.5,87.4,Off,No,Found
0:14:54,39,30.5,87.3,Off,No,Found
0:14:55,39,30.5,87.5,Off,No,Found
0:14:56,39,30.5,87.4,Off,No,Found
0:14:57,39,30.5,87.5,Off,No,Found
0:14:58,39,30.5,87.6,Off,No,Found
0:14:59,38,30.5,87.5,Off,No,Found
0:15:00,39,30.5,87.2,Off,No,Found
0:15:01,39,30.5,87.1,Off,No,Found
0:15:02,39,30.5,86.9,Off,No,Found
0:15:03,39,30.5,87,Off,No,Found
0:15:04,39,30.5,87.2,Off,No,Found
0:15:05,38,30.5,87.4,Off,No,Found
0:15:06,39,30.5,87.5,Off,No,Found
0:15:07,39,30.5,87.4,Off,No,Found
0:15:08,39,30.5,87.1,Off,No,Found
0:15:09,39,30.5,87,Off,No,Found
0:15:10,39,30.5,87,Off,No,Found
0:15:11,38,30.5,87.1,Off,No,Found
0:15:12,39,30.5,87.2,Off,No,Found
0:15:13,39,30.5,87,Off,No,Found
0:15:14,39,30.5,87.2,Off,No,Found
0:15:15,39,30.5,87.1,Off,No,Found
0:15:16,39,30.5,87.1,Off,No,Found
0:15:17,39,30.5,87.1,Off,No,Found
0:15:18,39,30.5,87,Off,No,Found
0:15:19,39,30.5,87.1,Off,No,Found
0:15:20,39,30.5,87.1,Off,No,Found
0:15:21,39,30.5,87.4,Off,No,Found
0:15:22,38,30.5,87.5,Off,No,Found
0:15:23,39,30.5,87.2,Off,No,Found
0:15:24,38,30.5,87.4,Off,No,Found
0:15:25,38,30.5,87.3,Off,No,Found
0:15:26,38,30.5,87.2,Off,No,Found
0:15:27,38,30.5,87.3,Off,No,Found
0:15:28,38,30.5,87.2,Off,No,Found
0:15:29,38,30.5,87.4,Off,No,Found
0:15:30,38,30.5,87.4,Off,No,Found
0:15:31,38,30.5,87.2,Off,No,Found
0:15:32,38,30.5,87.3,Off,No,Found
0:15:33,38,30.5,86.9,Off,No,Found
0:15:34,38,30.5,86.9,Off,No,Found
0:15:35,39,30.5,87.1,Off,No,Found
0:15:36,39,30.5,87.1,Off,No,Found
0:15:37,38,30.5,87.2,Off,No,Found
0:15:38,38,30.5,87,Off,No,Found
0:15:39,39,30.5,86.9,Off,No,Found
0:15:40,38,30.5,86.9,Off,No,Found
0:15:41,38,30.5,87.1,Off,No,Found
0:15:42,38,30.5,87.1,Off,No,Found
0:15:43,38,30.5,87.2,Off,No,Found
0:15:44,38,30.4,87.4,Off,No,Found
0:15:45,38,30.4,87.4,Off,No,Found
0:15:46,38,30.4,87.7,Off,No,Found
0:15:47,38,30.4,87.8,Off,No,Found
0:15:48,38,30.4,87.7,Off,No,Found
0:15:49,38,30.5,87.7,Off,No,Found
0:15:50,38,30.4,87.7,Off,No,Found
0:15:51,38,30.5,87.7,Off,No,Found
0:15:52,38,30.5,87.6,Off,No,Found
0:15:53,38,30.5,87.3,Off,No,Found
0:15:54,38,30.5,87.4,Off,No,Found
0:15:55,38,30.5,87.3,Off,No,Found
0:15:56,38,30.5,87.1,Off,No,Found
0:15:57,38,30.5,87.2,Off,No,Found
0:15:58,38,30.5,87,Off,No,Found
0:15:59,38,30.5,86.9,Off,No,Found
0:16:00,38,30.5,86.6,Off,No,None
0:16:01,38,30.5,86.5,Off,No,None
0:16:02,38,30.5,86.3,Off,No,None
0:16:03,38,30.5,86.2,Off,No,None
0:16:04,38,30.5,86.3,Off,No,None
0:16:05,38,30.5,86.6,Off,No,None
0:16:06,38,30.5,86.8,Off,No,None
0:16:07,38,30.5,86.9,Off,No,None
0:16:08,38,30.5,87,Off,No,None
0:16:09,38,30.5,87.1,Off,No,Found
0:16:10,38,30.5,87.1,Off,No,Found
0:16:11,38,30.5,87.2,Off,No,Found
0:16:12,38,30.5,87.2,Off,No,Found
0:16:13,38,30.6,87.1,Off,No,Found
0:16:14,38,30.6,87.2,Off,No,Found
0:16:15,38,30.6,87.2,Off,No,Found
0:16:16,38,30.6,87.3,Off,No,Found
0:16:17,38,30.6,87.3,Off,No,Found
0:16:18,38,30.6,87.4,Off,No,Found
0:16:19,38,30.6,87.3,Off,No,Found
0:16:20,38,30.6,87.3,Off,No,Found
0:16:21,38,30.6,87.4,Off,No,Found
0:16:22,38,30.6,87.4,Off,No,Found
0:16:23,38,30.6,87.2,Off,No,Found
0:16:24,38,30.7,87.2,Off,No,Found
0:16:25,38,30.6,87.2,Off,No,Found
0:16:26,38,30.7,87.2,Off,No,Found
0:16:27,38,30.7,87.2,Off,No,Found
0:16:28,38,30.7,87.2,Off,No,Found
0:16:29,38,30.7,86.8,Off,No,Found
0:16:30,38,30.7,87.2,Off,No,Found
0:16:31,38,30.7,87,Off,No,Found
0:16:32,38,30.7,86.9,Off,No,Found
0:16:33,38,30.7,86.8,Off,No,Found
0:16:34,38,30.7,86.6,Off,No,Found
0:16:35,38,30.7,86.3,Off,No,Found
0:16:36,38,30.7,86.4,Off,No,Found
0:16:37,38,30.8,86.3,Off,No,None
0:16:38,38,30.8,86.3,Off,No,None
0:16:39,38,30.8,86.4,Off,No,None
0:16:40,38,30.8,86.5,Off,No,None
0:16:41,38,30.8,86.6,Off,No,None
0:16:42,38,30.8,86.4,Off,No,None
0:16:43,38,30.8,86.1,Off,No,None
0:16:44,38,30.8,86.3,Off,No,None
0:16:45,38,30.8,86,Off,No,None
0:16:46,38,30.8,85.9,Off,No,None
0:16:47,38,30.8,85.6,Off,No,None
0:16:48,38,30.8,86,Off,No,None
0:16:49,38,30.8,86,Off,No,None
0:16:50,38,30.8,85.9,Off,No,Found
0:16:51,38,30.8,85.9,Off,No,Found
0:16:52,38,30.8,85.9,Off,No,Found
0:16:53,38,30.8,85.9,Off,No,Found
0:16:54,38,30.8,86.1,Off,No,Found
0:16:55,38,30.8,85.9,Off,No,Found
0:16:56,38,30.8,86.1,Off,No,Found
0:16:57,38,30.8,86.1,Off,No,Found
0:16:58,38,30.9,86.1,Off,No,Found
0:16:59,38,30.8,86,Off,No,Found
0:17:00,39,30.9,86.1,Off,No,Found
0:17:01,38,30.9,86.1,Off,No,Found
0:17:02,38,30.9,86.2,Off,No,Found
0:17:03,38,30.9,86.1,Off,No,Found
0:17:04,38,30.9,86.1,Off,No,Found
0:17:05,38,30.9,86.2,Off,No,Found
0:17:06,39,30.9,86,Off,No,Found
0:17:07,39,30.9,85.9,Off,No,Found
0:17:08,39,30.9,85.8,Off,No,Found
0:17:09,39,30.9,85.8,Off,No,Found
0:17:10,39,30.9,85.8,Off,No,Found
0:17:11,39,30.9,85.6,Off,No,Found
0:17:12,39,30.9,85.5,Off,No,Found
0:17:13,39,30.9,85.7,Off,No,Found
0:17:14,39,30.9,85.5,Off,No,Found
0:17:15,39,30.9,85.4,Off,No,Found
0:17:16,38,31,85.2,Off,No,Found
0:17:17,39,31,85.3,Off,No,Found
0:17:18,38,31,85.2,Off,No,Found
0:17:19,38,31,85,Off,No,None
0:17:20,38,31,84.9,Off,No,None
0:17:21,38,31,85,Off,No,None
0:17:22,38,31,85.2,Off,No,None
0:17:23,38,31,85.2,Off,No,None
0:17:24,38,31,85.1,Off,No,None
0:17:25,38,31,85.1,Off,No,None
0:17:26,38,31,85,Off,No,None
0:17:27,38,31,85,Off,No,None
0:17:28,38,31,84.8,Off,No,None
0:17:29,38,31.1,84.9,Off,No,None
0:17:30,38,31,84.7,Off,No,Found
0:17:31,38,31,84.7,Off,No,Found
0:17:32,38,31,84.4,Off,No,Found
0:17:33,38,31,84.5,Off,No,Found
0:17:34,38,31,84.5,Off,No,Found
0:17:35,38,31,84.7,Off,No,Found
0:17:36,38,31.1,84.9,Off,No,Found
0:17:37,38,31,85.1,Off,No,Found
0:17:38,38,31.1,85.2,Off,No,Found
0:17:39,38,31.1,85.2,Off,No,Found
0:17:40,38,31.1,85.1,Off,No,Found
0:17:41,38,31.1,85.1,Off,No,Found
0:17:42,38,31.1,85,Off,No,Found
0:17:43,38,31.1,85,Off,No,Found
0:17:44,38,31.1,84.7,Off,No,Found
0:17:45,38,31.1,84.5,Off,No,Found
0:17:46,38,31.1,84.3,Off,No,Found
0:17:47,38,31.1,84.2,Off,No,Found
0:17:48,38,31.1,84.2,Off,No,Found
0:17:49,38,31.1,84.7,Off,No,Found
0:17:50,38,31.1,84.6,Off,No,Found
0:17:51,38,31.2,84.9,Off,No,Found
0:17:52,38,31.1,84.9,Off,No,Found
0:17:53,38,31.2,85,Off,No,Found
0:17:54,38,31.2,85.1,Off,No,Found
0:17:55,38,31.2,84.9,Off,No,Found
0:17:56,38,31.2,85,Off,No,Found
0:17:57,38,31.2,85,Off,No,Found
0:17:58,38,31.2,84.9,Off,No,Found
0:17:59,38,31.2,84.9,Off,No,Found
0:18:00,38,31.2,84.6,Off,No,Found
0:18:01,38,31.2,84.6,Off,No,None
0:18:02,38,31.2,84.6,Off,No,None
0:18:03,38,31.2,84.6,Off,No,None
0:18:04,38,31.2,84.5,Off,No,None
0:18:05,38,31.2,84.6,Off,No,None
0:18:06,38,31.2,84.5,Off,No,None
0:18:07,38,31.2,84.6,Off,No,Found
0:18:08,38,31.2,84.4,Off,No,Found
0:18:09,38,31.2,84.1,Off,No,Found
0:18:10,38,31.3,84.3,Off,No,Found
0:18:11,38,31.2,84.2,Off,No,Found
0:18:12,38,31.3,84.4,Off,No,Found
0:18:13,38,31.3,84.4,Off,No,Found
0:18:14,38,31.3,84.6,Off,No,Found
0:18:15,38,31.3,84.4,Off,No,Found
0:18:16,38,31.3,84.3,Off,No,Found
0:18:17,38,31.3,84.2,Off,No,Found
0:18:18,38,31.2,84,Off,No,Found
0:18:19,38,31.2,83.6,Off,No,Found
0:18:20,38,31.2,83.3,Off,No,Found
0:18:21,38,31.2,83.4,Off,No,Found
0:18:22,38,31.2,83.6,Off,No,Found
0:18:23,38,31.2,83.9,Off,No,Found
0:18:24,38,31.2,83.8,Off,No,Found
0:18:25,38,31.2,84.1,Off,No,Found
0:18:26,38,31.2,84.4,Off,No,Found
0:18:27,38,31.2,84.6,Off,No,Found
0:18:28,38,31.2,84.3,Off,No,Found
0:18:29,38,31.2,84.6,Off,No,Found
0:18:30,37,31.2,83.9,Off,No,Found
0:18:31,38,31.2,84.2,Off,No,Found
0:18:32,38,31.2,84.2,Off,No,Found
0:18:33,38,31.2,84.2,Off,No,Found
0:18:34,38,31.3,84.4,Off,No,Found
0:18:35,38,31.3,84.1,Off,No,Found
0:18:36,38,31.3,84.3,Off,No,Found
0:18:37,38,31.3,84.8,Off,No,Found
0:18:38,38,31.3,84.3,Off,No,Found
0:18:39,38,31.3,84.3,Off,No,Found
0:18:40,39,31.3,84,Off,No,Found
0:18:41,38,31.3,84,Off,No,Found
0:18:42,38,31.3,83.8,Off,No,Found
0:18:43,38,31.3,83.7,Off,No,Found
0:18:44,38,31.3,83.6,Off,No,Found
0:18:45,38,31.3,83.9,Off,No,None
0:18:46,38,31.3,84.1,Off,No,Found
0:18:47,38,31.3,84.2,Off,No,Found
0:18:48,38,31.3,84.4,Off,No,Found
0:18:49,38,31.3,84.4,Off,No,Found
0:18:50,38,31.4,84.6,Off,No,Found
0:18:51,38,31.3,84.5,Off,No,Found
0:18:52,38,31.3,84.8,Off,No,Found
0:18:53,38,31.3,84.5,Off,No,Found
0:18:54,38,31.4,84.6,Off,No,Found
0:18:55,38,31.3,84.6,Off,No,Found
0:18:56,38,31.3,84.6,Off,No,Found
0:18:57,38,31.3,84.7,Off,No,Found
0:18:58,38,31.3,84.7,Off,No,Found
0:18:59,38,31.3,84.2,Off,No,Found
0:19:00,38,31.3,84.4,Off,No,Found
0:19:01,38,31.3,84.5,Off,No,Found
0:19:02,38,31.3,84.1,Off,No,Found
0:19:03,38,31.3,84.3,Off,No,Found
0:19:04,38,31.3,84.5,Off,No,Found
0:19:05,38,31.3,84.3,Off,No,Found
0:19:06,38,31.3,84.3,Off,No,Found
0:19:07,38,31.3,84.1,Off,No,Found
0:19:08,38,31.3,84.2,Off,No,Found
0:19:09,38,31.3,84.2,Off,No,Found
0:19:10,38,31.3,84.3,Off,No,Found
0:19:11,38,31.3,84.4,Off,No,Found
0:19:12,38,31.4,84.4,Off,No,Found
0:19:13,38,31.4,84.1,Off,No,Found
0:19:14,38,31.4,84.2,Off,No,Found
0:19:15,38,31.4,84,Off,No,Found
0:19:16,38,31.4,84,Off,No,Found
0:19:17,38,31.4,84.2,Off,No,Found
0:19:18,38,31.4,84.3,Off,No,Found
0:19:19,38,31.4,84,Off,No,Found
0:19:20,38,31.4,84.3,Off,No,Found
0:19:21,38,31.4,84.2,Off,No,Found
0:19:22,38,31.4,84.1,Off,No,Found
0:19:23,38,31.4,84.3,Off,No,Found
0:19:24,38,31.4,84.4,Off,No,Found
0:19:25,38,31.4,84.4,Off,No,Found
0:19:26,38,31.4,84.4,Off,No,Found
0:19:27,38,31.4,84.5,Off,No,Found
0:19:28,38,31.4,84.4,Off,No,Found
0:19:29,38,31.4,84.5,Off,No,Found
0:19:30,38,31.4,84.2,Off,No,Found
0:19:31,38,31.4,83.9,Off,No,Found
0:19:32,38,31.4,83.1,Off,No,Found
0:19:33,38,31.4,82.3,Off,No,Found
0:19:34,38,31.4,82.1,Off,No,Found
0:19:35,38,31.4,82.1,Off,No,Found
0:19:36,38,31.4,82.4,Off,No,Found
0:19:37,38,31.4,83.1,Off,No,Found
0:19:38,38,31.4,83.7,Off,No,Found
0:19:39,38,31.4,83.9,Off,No,Found
0:19:40,38,31.4,84,Off,No,Found
0:19:41,38,31.4,84.1,Off,No,Found
0:19:42,38,31.4,83.2,Off,No,Found
0:19:43,38,31.3,81.7,Off,No,Found
0:19:44,38,31.3,80.2,Off,No,Found
0:19:45,38,31.3,79.7,Off,No,Found
0:19:46,38,31.3,80.4,Off,No,Found
0:19:47,38,31.3,81.4,Off,No,Found
0:19:48,38,31.3,81.9,Off,No,Found
0:19:49,38,31.3,82.7,Off,No,Found
0:19:50,38,31.3,82.4,Off,No,Found
0:19:51,38,31.3,82.4,Off,No,Found
0:19:52,38,31.3,82.3,Off,No,Found
0:19:53,38,31.3,83,Off,No,Found
0:19:54,38,31.3,83.4,Off,No,Found
0:19:55,38,31.3,84.1,Off,No,Found
0:19:56,38,31.2,84.1,Off,No,Found
0:19:57,38,31.2,84.3,Off,No,Found
0:19:58,38,31.3,84.2,Off,No,Found
0:19:59,38,31.2,83.2,Off,No,Found
0:20:00,38,31.2,82.7,Off,No,Found
0:20:01,38,31.3,82.8,Off,No,Found
0:20:02,38,31.2,83.1,Off,No,Found
0:20:03,38,31.2,82.9,Off,No,Found
0:20:04,38,31.2,82.1,Off,No,Found
0:20:05,38,31.2,81.1,Off,No,Found
0:20:06,38,31.2,79.9,Off,No,Found
0:20:07,38,31.2,79.6,Off,No,Found
0:20:08,38,31.2,79.4,Off,No,Found
0:20:09,38,31.2,79.4,Off,No,Found
0:20:10,38,31.2,80,Off,No,Found
0:20:11,38,31.2,80.7,Off,No,Found
0:20:12,38,31.2,81.5,Off,No,Found
0:20:13,38,31.2,81.9,Off,No,Found
0:20:14,38,31.2,82.3,Off,No,Found
0:20:15,38,31.3,82.4,Off,No,Found
0:20:16,38,31.3,82.1,Off,No,Found
0:20:17,38,31.3,81.3,Off,No,Found
0:20:18,38,31.2,79.8,Off,No,Found
0:20:19,38,31.3,78.8,Off,No,Found
0:20:20,38,31.3,78.1,Off,No,Found
0:20:21,37,31.3,78.4,Off,No,Found
0:20:22,38,31.3,78.6,Off,No,Found
0:20:23,38,31.3,79.6,Off,No,Found
0:20:24,38,31.3,79.8,Off,No,Found
0:20:25,38,31.3,79.5,Off,No,Found
0:20:26,38,31.3,80.1,Off,No,Found
0:20:27,38,31.3,81.1,Off,No,Found
0:20:28,38,31.3,81.2,Off,No,Found
0:20:29,38,31.3,80.8,Off,No,Found
0:20:30,38,31.3,80.7,Off,No,Found
0:20:31,38,31.3,80.9,Off,No,Found
0:20:32,38,31.3,81,Off,No,Found
0:20:33,38,31.3,80.4,Off,No,Found
0:20:34,38,31.3,79.9,Off,No,Found
0:20:35,38,31.3,80.2,Off,No,Found
0:20:36,38,31.3,80.7,Off,No,Found
0:20:37,38,31.3,81.6,Off,No,Found
0:20:38,38,31.4,82.2,Off,No,Found
0:20:39,38,31.4,82.6,Off,No,Found
0:20:40,38,31.4,82.6,Off,No,Found
0:20:41,38,31.3,82.6,Off,No,Found
0:20:42,38,31.4,82.2,Off,No,Found
0:20:43,38,31.4,81.7,Off,No,Found
0:20:44,38,31.3,81.3,Off,No,Found
0:20:45,38,31.3,81.8,Off,No,Found
0:20:46,38,31.3,82.3,Off,No,Found
0:20:47,38,31.4,82.8,Off,No,Found
0:20:48,38,31.4,83.1,Off,No,Found
0:20:49,38,31.4,83.4,Off,No,Found
0:20:50,38,31.4,83.3,Off,No,Found
0:20:51,38,31.4,83.6,Off,No,Found
0:20:52,38,31.4,83.5,Off,No,Found
0:20:53,38,31.3,83.7,Off,No,Found
0:20:54,38,31.3,83.9,Off,No,Found
0:20:55,38,31.3,84.1,Off,No,Found
0:20:56,38,31.3,84.1,Off,No,Found
0:20:57,38,31.3,84.4,Off,No,Found
0:20:58,38,31.3,84.4,Off,No,Found
0:20:59,38,31.3,84.4,Off,No,Found
0:21:00,38,31.3,84.5,Off,No,Found
0:21:01,38,31.3,84.4,Off,No,Found
0:21:02,38,31.2,83.8,Off,No,Found
0:21:03,38,31.2,82.9,Off,No,Found
0:21:04,38,31.2,83.2,Off,No,Found
0:21:05,38,31.2,82.6,Off,No,Found
0:21:06,38,31.2,82,Off,No,Found
0:21:07,38,31.3,82,Off,No,Found
0:21:08,38,31.3,82.7,Off,No,Found
0:21:09,38,31.2,82.4,Off,No,Found
0:21:10,38,31.3,81.7,Off,No,Found
0:21:11,38,31.3,82.3,Off,No,Found
0:21:12,38,31.3,83.3,Off,No,Found
0:21:13,38,31.3,83.8,Off,No,Found
0:21:14,38,31.3,84.2,Off,No,Found
0:21:15,38,31.3,84.2,Off,No,Found
0:21:16,38,31.3,84.2,Off,No,Found
0:21:17,38,31.3,83.5,Off,No,Found
0:21:18,38,31.3,83.4,Off,No,Found
0:21:19,38,31.3,83.4,Off,No,Found
0:21:20,38,31.3,83.1,Off,No,Found
0:21:21,38,31.3,83,Off,No,Found
0:21:22,38,31.3,83.1,Off,No,Found
0:21:23,38,31.3,83.4,Off,No,Found
0:21:24,37,31.3,83.5,Off,No,Found
0:21:25,38,31.3,83.2,Off,No,Found
0:21:26,38,31.4,82.4,Off,No,Found
0:21:27,38,31.4,82.1,Off,No,Found
0:21:28,38,31.4,82.3,Off,No,Found
0:21:29,38,31.4,81.9,Off,No,Found
0:21:30,38,31.4,81.6,Off,No,Found
0:21:31,38,31.4,81.6,Off,No,Found
0:21:32,38,31.4,82.1,Off,No,Found
0:21:33,38,31.4,81.5,Off,No,Found
0:21:34,38,31.4,80.5,Off,No,Found
0:21:35,38,31.3,79.8,Off,No,Found
0:21:36,38,31.3,80.6,Off,No,Found
0:21:37,38,31.3,80.9,Off,No,Found
0:21:38,38,31.3,81.3,Off,No,Found
0:21:39,38,31.3,81.8,Off,No,Found
0:21:40,38,31.3,82.6,Off,No,Found
0:21:41,38,31.3,82.5,Off,No,Found
0:21:42,38,31.3,82,Off,No,Found
0:21:43,38,31.3,83,Off,No,Found
0:21:44,38,31.3,83.5,Off,No,Found
0:21:45,38,31.3,83.8,Off,No,Found
0:21:46,38,31.3,83.9,Off,No,Found
0:21:47,38,31.3,83.9,Off,No,Found
0:21:48,38,31.3,84,Off,No,Found
0:21:49,38,31.3,83.9,Off,No,Found
0:21:50,38,31.4,83.8,Off,No,Found
0:21:51,38,31.3,84,Off,No,Found
0:21:52,38,31.3,83.8,Off,No,Found
0:21:53,38,31.3,83.9,Off,No,Found
0:21:54,38,31.4,84,Off,No,Found
0:21:55,38,31.3,83.6,Off,No,Found
0:21:56,38,31.4,83.6,Off,No,Found
0:21:57,38,31.4,83.9,Off,No,Found
0:21:58,38,31.4,83.5,Off,No,Found
0:21:59,38,31.4,83.7,Off,No,Found
0:22:00,38,31.4,83.6,Off,No,Found
0:22:01,38,31.4,83.8,Off,No,Found
0:22:02,38,31.4,83.8,Off,No,Found
0:22:03,38,31.4,83.9,Off,No,Found
0:22:04,38,31.4,83.8,Off,No,Found
0:22:05,38,31.4,83.8,Off,No,Found
0:22:06,38,31.4,83.8,Off,No,Found
0:22:07,38,31.4,83.5,Off,No,Found
0:22:08,38,31.4,83.8,Off,No,Found
0:22:09,38,31.4,83.7,Off,No,Found
0:22:10,38,31.4,83.7,Off,No,Found
0:22:11,38,31.4,83.8,Off,No,Found
0:22:12,38,31.3,83.9,Off,No,Found
0:22:13,38,31.3,83.8,Off,No,Found
0:22:14,38,31.4,83.9,Off,No,Found
0:22:15,38,31.3,83.8,Off,No,Found
0:22:16,38,31.3,84,Off,No,Found
0:22:17,38,31.3,84,Off,No,Found
0:22:18,38,31.3,84.1,Off,No,Found
0:22:19,38,31.4,84,Off,No,Found
0:22:20,38,31.4,84,Off,No,Found
0:22:21,38,31.4,83.9,Off,No,Found
0:22:22,38,31.4,83.9,Off,No,Found
0:22:23,38,31.4,83.6,Off,No,Found
0:22:24,38,31.4,83.7,Off,No,Found
0:22:25,38,31.4,84,Off,No,Found
0:22:26,38,31.4,83.8,Off,No,Found
0:22:27,38,31.4,83.8,Off,No,Found
0:22:28,38,31.4,83.8,Off,No,Found
0:22:29,38,31.4,83.8,Off,No,Found
0:22:30,38,31.4,83.6,Off,No,Found
0:22:31,38,31.4,83.8,Off,No,Found
0:22:32,38,31.4,83.6,Off,No,Found
0:22:33,38,31.4,83.8,Off,No,Found
0:22:34,38,31.4,83.6,Off,No,Found
0:22:35,38,31.4,83.5,Off,No,Found
0:22:36,38,31.4,83.8,Off,No,Found
0:22:37,38,31.4,83.9,Off,No,Found
0:22:38,38,31.4,83.8,Off,No,Found
0:22:39,38,31.4,84,Off,No,Found
0:22:40,38,31.4,84.4,Off,No,Found
0:22:41,38,31.4,84.2,Off,No,Found
0:22:42,38,31.4,84.2,Off,No,Found
0:22:43,38,31.4,83.9,Off,No,Found
0:22:44,38,31.4,84.2,Off,No,Found
0:22:45,38,31.4,84.3,Off,No,Found
0:22:46,38,31.4,84.3,Off,No,Found
0:22:47,38,31.4,84.3,Off,No,Found
0:22:48,38,31.4,84.3,Off,No,Found
0:22:49,38,31.4,84.3,Off,No,Found
0:22:50,38,31.4,84.1,Off,No,Found
0:22:51,38,31.5,84.2,Off,No,Found
0:22:52,38,31.5,84.1,Off,No,Found
0:22:53,38,31.5,84.2,Off,No,Found
0:22:54,38,31.5,84,Off,No,Found
0:22:55,38,31.6,84.3,Off,No,Found
0:22:56,38,31.6,83.7,Off,No,Found
0:22:57,38,31.6,83.5,Off,No,Found
0:22:58,38,31.6,83.5,Off,No,Found
0:22:59,38,31.6,83.5,Off,No,Found
0:23:00,38,31.6,83.7,Off,No,Found
0:23:01,38,31.6,83.6,Off,No,Found
0:23:02,38,31.6,83.6,Off,No,Found
0:23:03,38,31.6,83.6,Off,No,Found
0:23:04,38,31.6,83.4,Off,No,Found
0:23:05,38,31.6,83.6,Off,No,Found
0:23:06,38,31.6,83.6,Off,No,Found
0:23:07,38,31.7,83.7,Off,No,Found
0:23:08,38,31.7,83.6,Off,No,Found
0:23:09,38,31.7,83.5,Off,No,Found
0:23:10,38,31.7,83.2,Off,No,Found
0:23:11,38,31.7,82.9,Off,No,Found
0:23:12,38,31.7,83,Off,No,Found
0:23:13,38,31.7,83,Off,No,Found
0:23:14,38,31.8,82.9,Off,No,Found
0:23:15,38,31.8,83,Off,No,Found
0:23:16,38,31.8,82.9,Off,No,Found
0:23:17,38,31.8,82.7,Off,No,Found
0:23:18,38,31.8,82.6,Off,No,Found
0:23:19,38,31.8,82.6,Off,No,Found
0:23:20,38,31.8,82.5,Off,No,Found
0:23:21,38,31.8,82.5,Off,No,Found
0:23:22,38,31.8,82.5,Off,No,Found
0:23:23,38,31.9,82.5,Off,No,Found
0:23:24,38,31.9,82.4,Off,No,Found
0:23:25,38,31.9,82.4,Off,No,Found
0:23:26,38,31.9,82.2,Off,No,Found
0:23:27,38,31.9,82,Off,No,Found
0:23:28,38,32,82.2,Off,No,Found
0:23:29,38,32,82,Off,No,Found
0:23:30,38,32,82.1,Off,No,Found
0:23:31,39,32,82.1,Off,No,Found
0:23:32,38,32,81.9,Off,No,Found
0:23:33,38,32,81.7,Off,No,Found
0:23:34,38,32,81.9,Off,No,Found
0:23:35,38,32,82,Off,No,Found
0:23:36,38,32,82.1,Off,No,Found
0:23:37,38,32,82.1,Off,No,Found
0:23:38,38,32,82.1,Off,No,Found
0:23:39,38,32,82,Off,No,Found
0:23:40,38,32,81.8,Off,No,Found
0:23:41,38,32,81.6,Off,No,Found
0:23:42,38,32,81.9,Off,No,Found
0:23:43,38,32,81.9,Off,No,Found
0:23:44,38,32,82,Off,No,Found
0:23:45,38,32,82,Off,No,Found
0:23:46,38,32,81.9,Off,No,Found
0:23:47,38,32,81.8,Off,No,Found
0:23:48,38,32,82,Off,No,Found
0:23:49,38,32,81.9,Off,No,Found
0:23:50,39,32,82,Off,No,Found
0:23:51,38,32,82,Off,No,Found
0:23:52,39,32.1,82,Off,No,Found
0:23:53,38,32,82,Off,No,Found
0:23:54,38,32.1,81.8,Off,No,Found
0:23:55,38,32.1,82.1,Off,No,Found
0:23:56,38,32.1,82,Off,No,Found
0:23:57,38,32.1,82,Off,No,Found
0:23:58,38,32.1,82,Off,No,Found
0:23:59,38,32.1,81.9,Off,No,Found
0:24:00,38,32.1,82,Off,No,Found
0:24:01,38,32.1,82,Off,No,Found
0:24:02,38,32.1,82.1,Off,No,Found
0:24:03,39,32.1,82,Off,No,Found
0:24:04,38,32.1,82.1,Off,No,Found
0:24:05,38,32.1,82,Off,No,Found
0:24:06,39,32.1,82,Off,No,Found
0:24:07,38,32.1,82,Off,No,Found
0:24:08,38,32.1,82,Off,No,Found
0:24:09,38,32.1,82,Off,No,Found
0:24:10,38,32.1,81.9,Off,No,Found
0:24:11,38,32.1,82.1,Off,No,Found
0:24:12,38,32.1,81.9,Off,No,Found
0:24:13,38,32.1,81.9,Off,No,Found
0:24:14,38,32.2,81.7,Off,No,Found
0:24:15,38,32.2,82,Off,No,Found
0:24:16,38,32.2,81.9,Off,No,Found
0:24:17,38,32.2,81.9,Off,No,Found
0:24:18,38,32.2,81.8,Off,No,Found
0:24:19,38,32.2,81.7,Off,No,Found
0:24:20,38,32.2,81.7,Off,No,Found
0:24:21,38,32.2,81.7,Off,No,Found
0:24:22,38,32.2,81.4,Off,No,Found
0:24:23,38,32.2,81.6,Off,No,Found
0:24:24,38,32.2,81.8,Off,No,Found
0:24:25,38,32.2,81.7,Off,No,Found
0:24:26,38,32.2,81.5,Off,No,Found
0:24:27,38,32.2,81.5,Off,No,Found
0:24:28,38,32.2,81.5,Off,No,Found
0:24:29,38,32.2,81.6,Off,No,Found
0:24:30,38,32.2,81.6,Off,No,Found
0:24:31,38,32.2,81.4,Off,No,Found
0:24:32,38,32.2,81.9,Off,No,Found
0:24:33,38,32.2,81.7,Off,No,Found
0:24:34,38,32.2,81.4,Off,No,Found
0:24:35,38,32.2,81.3,Off,No,Found
0:24:36,39,32.2,81.2,Off,No,Found
0:24:37,38,32.2,81.2,Off,No,Found
0:24:38,38,32.3,81.1,Off,No,Found
0:24:39,38,32.2,81.1,Off,No,Found
0:24:40,38,32.3,81.3,Off,No,Found
0:24:41,38,32.3,81.2,Off,No,Found
0:24:42,38,32.2,81.3,Off,No,Found
0:24:43,38,32.3,81.3,Off,No,Found
0:24:44,38,32.3,80.8,Off,No,Found
0:24:45,38,32.3,81.1,Off,No,Found
0:24:46,38,32.3,81.2,Off,No,Found
0:24:47,38,32.3,81.3,Off,No,Found
0:24:48,38,32.3,81.4,Off,No,Found
0:24:49,38,32.3,81.1,Off,No,Found
0:24:50,38,32.3,81.2,Off,No,Found
0:24:51,38,32.3,80.8,Off,No,Found
0:24:52,38,32.3,80.8,Off,No,Found
0:24:53,38,32.3,80.8,Off,No,Found
0:24:54,38,32.3,80.9,Off,No,Found
0:24:55,38,32.3,80.8,Off,No,Found
0:24:56,38,32.3,80.6,Off,No,Found
0:24:57,38,32.3,80.8,Off,No,Found
0:24:58,38,32.3,80.8,Off,No,Found
0:24:59,38,32.3,80.8,Off,No,Found
0:25:00,38,32.3,80.9,Off,No,Found
0:25:01,38,32.3,80.7,Off,No,Found
0:25:02,38,32.3,80.8,Off,No,Found
0:25:03,38,32.3,80.7,Off,No,Found
0:25:04,38,32.3,80.6,Off,No,Found
0:25:05,38,32.3,80.6,Off,No,Found
0:25:06,38,32.3,80.7,Off,No,Found
0:25:07,38,32.3,80.6,Off,No,Found
0:25:08,38,32.4,80.8,Off,No,Found
0:25:09,38,32.3,80.7,Off,No,Found
0:25:10,38,32.4,80.7,Off,No,Found
0:25:11,38,32.3,80.8,Off,No,Found
0:25:12,38,32.3,80.8,Off,No,Found
0:25:13,38,32.3,80.8,Off,No,Found
0:25:14,38,32.3,80.8,Off,No,Found
0:25:15,39,32.3,80.9,Off,No,Found
0:25:16,38,32.3,80.8,Off,No,Found
0:25:17,39,32.3,80.9,Off,No,Found
0:25:18,38,32.3,80.8,Off,No,Found
0:25:19,38,32.3,80.8,Off,No,Found
0:25:20,38,32.4,80.7,Off,No,Found
0:25:21,38,32.4,80.8,Off,No,Found
0:25:22,38,32.4,81,Off,No,Found
0:25:23,38,32.4,80.9,Off,No,Found
0:25:24,38,32.4,80.9,Off,No,Found
0:25:25,38,32.4,80.9,Off,No,Found
0:25:26,38,32.4,80.8,Off,No,Found
0:25:27,39,32.4,80.9,Off,No,Found
0:25:28,38,32.4,80.8,Off,No,Found
0:25:29,38,32.4,80.9,Off,No,Found
0:25:30,39,32.4,81.2,Off,No,Found
0:25:31,38,32.3,81.1,Off,No,Found
0:25:32,38,32.4,80.8,Off,No,Found
0:25:33,38,32.4,80.9,Off,No,Found
0:25:34,38,32.4,80.7,Off,No,Found
0:25:35,38,32.4,80.9,Off,No,Found
0:25:36,38,32.4,80.8,Off,No,Found
0:25:37,38,32.4,81,Off,No,Found
0:25:38,38,32.4,80.9,Off,No,Found
0:25:39,38,32.4,80.9,Off,No,Found
0:25:40,38,32.4,80.7,Off,No,Found
0:25:41,38,32.4,80.5,Off,No,Found
0:25:42,38,32.4,80.5,Off,No,Found
0:25:43,38,32.4,80.6,Off,No,Found
0:25:44,38,32.4,80.7,Off,No,Found
0:25:45,38,32.5,80.9,Off,No,Found
0:25:46,38,32.5,80.5,Off,No,Found
0:25:47,38,32.4,80.6,Off,No,Found
0:25:48,38,32.5,80.4,Off,No,Found
0:25:49,38,32.5,80.6,Off,No,Found
0:25:50,38,32.5,80.4,Off,No,Found
0:25:51,38,32.5,80.7,Off,No,Found
0:25:52,38,32.5,80.4,Off,No,Found
0:25:53,38,32.5,80.4,Off,No,Found
0:25:54,38,32.5,80.5,Off,No,Found
0:25:55,38,32.5,80.5,Off,No,Found
0:25:56,38,32.5,80.4,Off,No,Found
0:25:57,38,32.5,80.4,Off,No,Found
0:25:58,38,32.5,80.5,Off,No,Found
0:25:59,38,32.5,80.6,Off,No,Found
0:26:00,38,32.5,80.5,Off,No,Found
0:26:01,38,32.5,80.5,Off,No,Found
0:26:02,38,32.5,80.5,Off,No,Found
0:26:03,38,32.5,80.3,Off,No,Found
0:26:04,38,32.5,80.1,Off,No,Found
0:26:05,38,32.5,80,Off,No,Found
0:26:06,38,32.6,80.1,Off,No,Found
0:26:07,38,32.6,79.9,Off,No,Found
0:26:08,38,32.6,80.1,Off,No,Found
0:26:09,38,32.6,80.1,Off,No,Found
0:26:10,38,32.6,80,Off,No,Found
0:26:11,38,32.6,80.1,Off,No,Found
0:26:12,38,32.6,80.1,Off,No,Found
0:26:13,38,32.6,80.3,Off,No,Found
0:26:14,38,32.6,80.2,Off,No,Found
0:26:15,38,32.6,80.3,Off,No,Found
0:26:16,38,32.6,79.9,Off,No,Found
0:26:17,38,32.7,80.2,Off,No,Found
0:26:18,38,32.7,79.9,Off,No,Found
0:26:19,38,32.7,80.1,Off,No,Found
0:26:20,38,32.7,79.8,Off,No,Found
0:26:21,38,32.7,79.7,Off,No,Found
0:26:22,38,32.7,79.7,Off,No,Found
0:26:23,38,32.7,79.5,Off,No,Found
0:26:24,38,32.7,79.3,Off,No,Found
0:26:25,38,32.7,79.3,Off,No,Found
0:26:26,38,32.8,79.1,Off,No,Found
0:26:27,38,32.7,79,Off,No,Found
0:26:28,38,32.7,79.1,Off,No,Found
0:26:29,38,32.8,79.1,Off,No,Found
0:26:30,38,32.7,79,Off,No,Found
0:26:31,38,32.7,79.2,Off,No,Found
0:26:32,38,32.7,79.1,Off,No,Found
0:26:33,38,32.7,79.1,Off,No,Found
0:26:34,38,32.7,79.3,Off,No,Found
0:26:35,38,32.6,79.5,Off,No,Found
0:26:36,38,32.6,79.4,Off,No,Found
0:26:37,38,32.6,79.5,Off,No,Found
0:26:38,38,32.6,79.5,Off,No,Found
0:26:39,38,32.5,79.6,Off,No,Found
0:26:40,38,32.5,79.8,Off,No,Found
0:26:41,38,32.5,79.8,Off,No,Found
0:26:42,38,32.5,79.9,Off,No,Found
0:26:43,38,32.5,80.1,Off,No,Found
0:26:44,38,32.5,80.1,Off,No,Found
0:26:45,38,32.5,80,Off,No,Found
0:26:46,38,32.4,80.1,Off,No,Found
0:26:47,38,32.4,80.2,Off,No,Found
0:26:48,38,32.4,80.2,Off,No,Found
0:26:49,38,32.4,80.5,Off,No,Found
0:26:50,38,32.4,80.6,Off,No,Found
0:26:51,38,32.3,80.6,Off,No,Found
0:26:52,38,32.3,80.8,Off,No,Found
0:26:53,38,32.3,80.9,Off,No,Found
0:26:54,38,32.3,81,Off,No,Found
0:26:55,38,32.3,81,Off,No,Found
0:26:56,38,32.3,80.9,Off,No,Found
0:26:57,38,32.3,81.1,Off,No,Found
0:26:58,38,32.2,81.2,Off,No,Found
0:26:59,38,32.3,81.2,Off,No,Found
0:27:00,38,32.2,81.4,Off,No,Found
0:27:01,38,32.2,81.5,Off,No,Found
0:27:02,38,32.3,81.4,Off,No,Found
0:27:03,38,32.2,81.3,Off,No,Found
0:27:04,38,32.2,81.3,Off,No,Found
0:27:05,38,32.2,81.1,Off,No,Found
0:27:06,38,32.2,81.3,Off,No,Found
0:27:07,38,32.2,81.2,Off,No,Found
0:27:08,38,32.2,80.8,Off,No,Found
0:27:09,38,32.2,80.9,Off,No,Found
0:27:10,38,32.3,81,Off,No,Found
0:27:11,38,32.2,81.1,Off,No,Found
0:27:12,38,32.2,81.4,Off,No,Found
0:27:13,38,32.2,81.4,Off,No,Found
0:27:14,38,32.2,81.4,Off,No,Found
0:27:15,38,32.3,81.4,Off,No,Found
0:27:16,38,32.2,81.3,Off,No,Found
0:27:17,38,32.2,81.4,Off,No,Found
0:27:18,38,32.2,81.5,Off,No,Found
0:27:19,38,32.2,81.2,Off,No,Found
0:27:20,38,32.3,81.5,Off,No,Found
0:27:21,38,32.2,81.5,Off,No,Found
0:27:22,38,32.2,81.4,Off,No,Found
0:27:23,38,32.2,81.2,Off,No,Found
0:27:24,38,32.2,81.5,Off,No,Found
0:27:25,38,32.2,81.5,Off,No,Found
0:27:26,38,32.2,81.3,Off,No,Found
0:27:27,38,32.2,81.3,Off,No,Found
0:27:28,38,32.1,81.5,Off,No,Found
0:27:29,38,32.1,81.3,Off,No,Found
0:27:30,38,32.1,81.4,Off,No,Found
0:27:31,38,32.1,81.6,Off,No,Found
0:27:32,38,32.1,81.4,Off,No,Found
0:27:33,38,32.1,81.4,Off,No,Found
0:27:34,38,32.1,81.2,Off,No,Found
0:27:35,38,32.1,81.3,Off,No,Found
0:27:36,38,32.1,81.4,Off,No,Found
0:27:37,38,32.1,81.6,Off,No,Found
0:27:38,38,32,81.8,Off,No,Found
0:27:39,38,32,81.8,Off,No,Found
0:27:40,38,32,81.7,Off,No,Found
0:27:41,38,32,81.6,Off,No,Found
0:27:42,38,32,81.9,Off,No,Found
0:27:43,38,31.9,81.5,Off,No,Found
0:27:44,38,31.9,81.8,Off,No,Found
0:27:45,38,31.9,81.9,Off,No,Found
0:27:46,38,31.9,82.1,Off,No,Found
0:27:47,38,31.8,82.1,Off,No,Found
0:27:48,38,31.8,82.4,Off,No,Found
0:27:49,38,31.8,82.5,Off,No,Found
0:27:50,38,31.8,82.4,Off,No,Found
0:27:51,38,31.8,82.6,Off,No,Found
0:27:52,38,31.8,82.7,Off,No,Found
0:27:53,38,31.8,82.6,Off,No,Found
0:27:54,38,31.8,82.7,Off,No,Found
0:27:55,38,31.8,82.5,Off,No,Found
0:27:56,38,31.8,82.6,Off,No,Found
0:27:57,38,31.8,82.6,Off,No,Found
0:27:58,38,31.8,82.8,Off,No,Found
0:27:59,38,31.8,82.9,Off,No,Found
0:28:00,38,31.8,82.7,Off,No,Found
0:28:01,38,31.8,82.6,Off,No,Found
0:28:02,38,31.8,82.6,Off,No,Found
0:28:03,38,31.8,82.6,Off,No,Found
0:28:04,38,31.8,82.6,Off,No,Found
0:28:05,38,31.8,82.6,Off,No,Found
0:28:06,38,31.8,82.6,Off,No,Found
0:28:07,38,31.8,82.7,Off,No,Found
0:28:08,38,31.7,82.8,Off,No,Found
0:28:09,38,31.7,82.8,Off,No,Found
0:28:10,38,31.7,82.7,Off,No,Found
0:28:11,38,31.7,82.7,Off,No,Found
0:28:12,38,31.7,82.8,Off,No,Found
0:28:13,38,31.7,82.8,Off,No,Found
0:28:14,38,31.7,82.9,Off,No,Found
0:28:15,38,31.7,82.9,Off,No,Found
0:28:16,38,31.7,83,Off,No,Found
0:28:17,38,31.6,83,Off,No,Found
0:28:18,38,31.6,83.1,Off,No,Found
0:28:19,38,31.6,83,Off,No,Found
0:28:20,38,31.6,83.1,Off,No,Found
0:28:21,38,31.6,83.2,Off,No,Found
0:28:22,38,31.6,83.1,Off,No,Found
0:28:23,38,31.6,83.3,Off,No,Found
0:28:24,38,31.5,83.3,Off,No,Found
0:28:25,38,31.6,83.5,Off,No,Found
0:28:26,38,31.6,83.3,Off,No,Found
0:28:27,38,31.6,83.4,Off,No,Found
0:28:28,38,31.6,83.3,Off,No,Found
0:28:29,38,31.6,83.5,Off,No,Found
0:28:30,38,31.5,83.5,Off,No,Found
0:28:31,38,31.6,83.4,Off,No,Found
0:28:32,38,31.5,83.3,Off,No,Found
0:28:33,38,31.5,83.5,Off,No,Found
0:28:34,38,31.5,83.4,Off,No,Found
0:28:35,38,31.5,83.6,Off,No,Found
0:28:36,38,31.5,83.5,Off,No,Found
0:28:37,38,31.5,83.3,Off,No,Found
0:28:38,38,31.5,83.4,Off,No,Found
0:28:39,38,31.5,83.5,Off,No,Found
0:28:40,38,31.5,83.7,Off,No,Found
0:28:41,38,31.5,83.8,Off,No,Found
0:28:42,38,31.5,83.7,Off,No,Found
0:28:43,38,31.5,84,Off,No,Found
0:28:44,38,31.5,84,Off,No,Found
0:28:45,38,31.5,84,Off,No,Found
0:28:46,38,31.5,84,Off,No,Found
0:28:47,38,31.5,84,Off,No,Found
0:28:48,38,31.5,84.1,Off,No,Found
0:28:49,38,31.4,84.3,Off,No,Found
0:28:50,38,31.5,84.2,Off,No,Found
0:28:51,38,31.4,84.2,Off,No,Found
0:28:52,38,31.4,84.2,Off,No,Found
0:28:53,38,31.5,84.2,Off,No,Found
0:28:54,38,31.4,84.2,Off,No,Found
0:28:55,38,31.4,84.4,Off,No,Found
0:28:56,38,31.4,84.2,Off,No,Found
0:28:57,38,31.4,83.9,Off,No,Found
0:28:58,38,31.4,83.9,Off,No,Found
0:28:59,38,31.4,83.8,Off,No,Found
0:29:00,38,31.4,84.2,Off,No,Found
0:29:01,38,31.4,84.2,Off,No,Found
0:29:02,38,31.4,84.1,Off,No,Found
0:29:03,38,31.4,84,Off,No,Found
0:29:04,38,31.4,84.2,Off,No,Found
0:29:05,38,31.3,84.2,Off,No,Found
0:29:06,38,31.3,84.2,Off,No,Found
0:29:07,38,31.3,84.1,Off,No,Found
0:29:08,38,31.4,84.2,Off,No,Found
0:29:09,38,31.4,84.2,Off,No,Found
0:29:10,38,31.3,84.2,Off,No,Found
0:29:11,38,31.3,84.3,Off,No,Found
0:29:12,38,31.3,84.3,Off,No,Found
0:29:13,38,31.3,84.2,Off,No,Found
0:29:14,38,31.3,84.3,Off,No,Found
0:29:15,38,31.3,84.3,Off,No,Found
0:29:16,38,31.3,84.5,Off,No,Found
0:29:17,38,31.3,84.1,Off,No,Found
0:29:18,38,31.3,84.3,Off,No,Found
0:29:19,38,31.3,84.4,Off,No,Found
0:29:20,38,31.3,84.4,Off,No,Found
0:29:21,38,31.3,84.5,Off,No,Found
0:29:22,38,31.2,84.5,Off,No,Found
0:29:23,38,31.2,84.6,Off,No,Found
0:29:24,38,31.3,84.4,Off,No,Found
0:29:25,38,31.2,84.5,Off,No,Found
0:29:26,38,31.2,84.6,Off,No,Found
0:29:27,38,31.2,84.7,Off,No,Found
0:29:28,38,31.2,84.6,Off,No,Found
0:29:29,38,31.2,84.8,Off,No,Found
0:29:30,38,31.2,84.6,Off,No,Found
0:29:31,38,31.2,84.7,Off,No,Found
0:29:32,38,31.2,84.7,Off,No,Found
0:29:33,38,31.2,84.7,Off,No,Found
0:29:34,38,31.2,84.6,Off,No,Found
0:29:35,38,31.2,84.2,Off,No,Found
0:29:36,38,31.2,84.5,Off,No,Found
0:29:37,38,31.2,84.5,Off,No,Found
0:29:38,38,31.2,84.5,Off,No,Found
0:29:39,38,31.2,84.8,Off,No,Found
0:29:40,38,31.2,84.8,Off,No,Found
0:29:41,38,31.1,84.9,Off,No,Found
0:29:42,38,31.1,84.9,Off,No,Found
0:29:43,38,31.1,85,Off,No,Found
0:29:44,38,31.1,85,Off,No,Found
0:29:45,38,31.1,84.9,Off,No,Found
0:29:46,38,31.1,84.9,Off,No,Found
0:29:47,38,31.1,85.1,Off,No,Found
0:29:48,38,31.1,84.9,Off,No,Found
0:29:49,38,31.1,85,Off,No,Found
0:29:50,38,31.1,84.9,Off,No,Found
0:29:51,38,31.1,85,Off,No,Found
0:29:52,38,31.1,85.2,Off,No,Found
0:29:53,38,31.1,84.8,Off,No,Found
0:29:54,38,31.1,85,Off,No,Found
0:29:55,38,31.1,85,Off,No,Found
0:29:56,38,31.1,85,Off,No,Found
0:29:57,38,31,84.9,Off,No,Found
0:29:58,38,31,85,Off,No,Found
0:29:59,38,31,84.9,Off,No,Found
0:30:00,38,31,85,Off,No,Found
0:30:01,38,31,85.1,Off,No,Found
0:30:02,38,31,85.2,Off,No,Found
0:30:03,38,31,85.2,Off,No,Found
0:30:04,38,31,85.3,Off,No,Found
0:30:05,38,31,85.3,Off,No,Found
0:30:06,38,31,85.3,Off,No,Found
0:30:07,38,31,85.5,Off,No,Found
0:30:08,38,31,85.4,Off,No,Found
0:30:09,38,31,85.5,Off,No,Found
0:30:10,38,31,85.5,Off,No,Found
0:30:11,38,31,85.5,Off,No,Found
0:30:12,38,31,85.4,Off,No,Found
0:30:13,38,31,85.2,Off,No,Found
0:30:14,38,31,85.2,Off,No,Found
0:30:15,38,31,85.3,Off,No,Found
0:30:16,38,31,85.2,Off,No,Found
0:30:17,38,30.9,85.3,Off,No,Found
0:30:18,37,30.9,85.6,Off,No,Found
0:30:19,38,30.9,85.3,Off,No,Found
0:30:20,38,30.9,85.5,Off,No,Found
0:30:21,37,30.9,85.4,Off,No,Found
0:30:22,38,30.9,85.4,Off,No,Found
0:30:23,38,30.9,85.5,Off,No,Found
0:30:24,38,30.9,85.6,Off,No,Found
0:30:25,38,30.9,85.6,Off,No,Found
0:30:26,38,30.9,85.5,Off,No,Found
0:30:27,37,30.9,85.5,Off,No,Found
0:30:28,38,30.9,85.4,Off,No,Found
0:30:29,37,30.9,85.5,Off,No,Found
0:30:30,38,30.9,85.5,Off,No,Found
0:30:31,38,30.9,85.4,Off,No,Found
0:30:32,38,30.9,85.4,Off,No,Found
0:30:33,38,30.9,85.1,Off,No,Found
0:30:34,38,30.9,85.3,Off,No,Found
0:30:35,38,30.9,85.1,Off,No,Found
0:30:36,38,30.9,85.1,Off,No,Found
0:30:37,38,31,85.1,Off,No,Found
0:30:38,38,31,85.3,Off,No,Found
0:30:39,38,30.9,85.2,Off,No,Found
0:30:40,37,30.9,85.4,Off,No,Found
0:30:41,37,30.9,85.6,Off,No,Found
0:30:42,38,30.9,85.3,Off,No,Found
0:30:43,37,30.9,85.4,Off,No,Found
0:30:44,37,30.9,85.5,Off,No,Found
0:30:45,37,30.9,85.4,Off,No,Found
0:30:46,38,30.9,85.4,Off,No,Found
0:30:47,38,30.9,85.4,Off,No,Found
0:30:48,38,30.9,85.7,Off,No,Found
0:30:49,38,30.9,85.7,Off,No,Found
0:30:50,38,30.9,85.8,Off,No,Found
0:30:51,38,30.9,85.9,Off,No,Found
0:30:52,38,30.9,86,Off,No,Found
0:30:53,38,30.9,85.7,Off,No,Found
0:30:54,37,30.9,85.7,Off,No,Found
0:30:55,37,30.9,85.8,Off,No,Found
0:30:56,37,30.8,86,Off,No,Found
0:30:57,38,30.8,86.2,Off,No,Found
0:30:58,38,30.8,85.8,Off,No,Found
0:30:59,37,30.8,86,Off,No,Found
0:31:00,37,30.8,86.1,Off,No,Found
0:31:01,38,30.8,86.2,Off,No,Found
0:31:02,38,30.8,86.2,Off,No,Found
0:31:03,37,30.8,86.2,Off,No,Found
0:31:04,38,30.8,86.1,Off,No,Found
0:31:05,38,30.8,86,Off,No,Found
0:31:06,38,30.8,85.8,Off,No,Found
0:31:07,37,30.8,85.7,Off,No,Found
0:31:08,37,30.8,85.9,Off,No,Found
0:31:09,37,30.8,86.1,Off,No,Found
0:31:10,37,30.8,86,Off,No,Found
0:31:11,37,30.8,85.9,Off,No,Found
0:31:12,37,30.8,86,Off,No,Found
0:31:13,37,30.8,86.1,Off,No,Found
0:31:14,37,30.8,86.2,Off,No,Found
0:31:15,37,30.8,86.1,Off,No,Found
0:31:16,37,30.8,86.2,Off,No,Found
0:31:17,37,30.8,86.2,Off,No,Found
0:31:18,37,30.8,86.5,Off,No,Found
0:31:19,37,30.8,86.6,Off,No,Found
0:31:20,37,30.8,86.2,Off,No,Found
0:31:21,37,30.7,86.1,Off,No,Found
0:31:22,37,30.7,86.1,Off,No,Found
0:31:23,37,30.7,86.3,Off,No,Found
0:31:24,37,30.7,86.2,Off,No,Found
0:31:25,37,30.7,86.3,Off,No,Found
0:31:26,37,30.7,86.2,Off,No,Found
0:31:27,37,30.7,86.4,Off,No,Found
0:31:28,37,30.7,86.4,Off,No,Found
0:31:29,37,30.7,86.5,Off,No,Found
0:31:30,37,30.7,86.4,Off,No,Found
0:31:31,37,30.7,86.3,Off,No,Found
0:31:32,37,30.7,86.2,Off,No,Found
0:31:33,37,30.7,86.2,Off,No,Found
0:31:34,37,30.7,86.2,Off,No,Found
0:31:35,37,30.6,86.4,Off,No,Found
0:31:36,37,30.6,86.6,Off,No,Found
0:31:37,37,30.6,86.6,Off,No,Found
0:31:38,37,30.6,86.7,Off,No,Found
0:31:39,37,30.6,86.8,Off,No,Found
0:31:40,37,30.6,86.9,Off,No,Found
0:31:41,37,30.6,87,Off,No,Found
0:31:42,37,30.6,87.1,Off,No,Found
0:31:43,37,30.6,87.2,Off,No,Found
0:31:44,37,30.6,87.2,Off,No,Found
0:31:45,37,30.6,87.2,Off,No,Found
0:31:46,37,30.6,87.1,Off,No,Found
